cliente,total_gasto,segmento
Cliente_006,65905.09,Ouro
Cliente_036,63433.04,Ouro
Cliente_039,59406.9,Ouro
Cliente_020,58459.54,Ouro
Cliente_034,52035.6,Ouro
Cliente_009,50827.96,Ouro
Cliente_024,49146.94,Ouro
Cliente_019,40731.05,Ouro
Cliente_047,38291.74,Ouro
Cliente_012,38111.8,Ouro
Cliente_027,37349.85,Ouro
Cliente_029,36318.05,Ouro
Cliente_003,35525.98,Ouro
Cliente_042,35356.89,Ouro
Cliente_050,34892.22,Ouro
Cliente_017,34462.64,Ouro
Cliente_011,32896.41,Ouro
Cliente_037,29281.2,Ouro
Cliente_048,27101.02,Ouro
Cliente_022,26226.36,Ouro
CLIENTE011,23495.36,Ouro
Cliente_044,21252.51,Ouro
Cliente_026,21061.58,Ouro
Cliente_032,20888.06,Ouro
Cliente_014,20054.4,Ouro
Cliente_041,19516.45,Ouro
Cliente_049,18654.2,Ouro
Cliente_021,18608.7,Ouro
Cliente_031,18432.7,Ouro
cliente037,17615.97,Ouro
cliente016,17238.2,Ouro
Cliente_023,17207.52,Ouro
Cliente_005,17200.67,Ouro
Cliente_038,15780.44,Ouro
Cliente_010,15683.95,Ouro
Cliente_016,14415.22,Prata
Cliente_018,13810.07,Prata
Cliente_030,13449.47,Prata
cliente044,12255.18,Prata
Cliente_008,12025.04,Prata
Cliente_033,10847.97,Prata
cliente008,10252.89,Prata
Cliente_004,10102.74,Prata
Cliente_028,9653.96,Prata
Cliente_040,8536.15,Prata
Cliente_025,8531.02,Prata
Cliente_046,6643.51,Prata
Cliente_007,6521.52,Prata
Cliente_013,6449.54,Prata
Cliente_015,4734.92,Bronze
Cliente_001,3659.75,Bronze
Cliente_045,3605.96,Bronze
Cliente_035,2257.06,Bronze
cliente012,1437.32,Bronze
Cliente_002,967.08,Bronze
cliente014,860.56,Bronze
Cliente_043,481.6,Bronze
cliente040,396.78,Bronze
